´ó°×²Ë,0.50,0.60,0.70,´¢´æ\ÐÂ,½ï,2021-05-02
ÍÞÍÞ²Ë,0.70,0.80,0.90,´ó\Ð¡,½ï,2021-05-02
ÇÛ²Ë,0.60,0.70,0.80,\¼½,½ï,2021-05-02
²¤²Ë,0.80,1.00,1.20,Â³\¼½,½ï,2021-05-02
²¤²Ë£¨³¤¸Ë£©,0.50,0.55,0.60,ÆÕÍ¨,½ï,2021-05-02
·¬ÇÑ,1.00,1.25,1.50,´¨Â³ÃÉ,½ï,2021-05-02
·¬ÇÑ£¨¾«Æ·£©,1.50,1.75,2.00,ÆÕÍ¨,½ï,2021-05-02
»Æ¹Ï,1.00,1.25,1.50,ÃÉÁÉ´ü\Â³,½ï,2021-05-02
»Æ¹Ï(ÏÊ¸É»¨),1.40,1.70,2.00,¼½,½ï,2021-05-02
Ð¡»Æ¹Ï,2.50,3.75,5.00,ºµ\ºÉÀ¼,½ï,2021-05-02
ÇÑ×Ó,1.00,1.40,1.80,Â³\¼½,½ï,2021-05-02
¼Ü¶¹,2.20,3.00,3.80,\,½ï,2021-05-02
¼â½·,1.50,1.75,2.00,¼½½ú/Â³ÐÂ,½ï,2021-05-02
ÂÝË¿½·,2.00,2.75,3.50,ÆÕÍ¨,½ï,2021-05-02
ÊÁ×Ó½·,1.20,1.60,2.00,\Â³ÐÂ,½ï,2021-05-02
ÍÁ¶¹,0.50,0.65,0.80,\¼½ÔÆ,½ï,2021-05-02
ÐÂÍÁ¶¹£¨»ÆÐÄ£©,1.00,1.25,1.50,Â³,½ï,2021-05-02
»Æ´ÐÍ·,0.70,0.80,0.90,\ÃÉ¸Ê,½ï,2021-05-02
ºì´ÐÍ·,1.20,1.30,1.40,ÀÏ/ÐÂ,½ï,2021-05-02
´Ð,3.00,3.50,4.00,¼½/ËÕ,½ï,2021-05-02
